{"feature_names": ["h (mm)", "b (mm)", "tw (mm)", "tf (mm)", "fy (MPa)", "2L/h", "My_Mp", "Omega_s"], "rotations": [-0.06, -0.05, -0.04, -0.03, -0.02, -0.015, -0.01, -0.0075, -0.005, -0.00375, 0.0, 0.00375, 0.005, 0.0075, 0.01, 0.015, 0.02, 0.03, 0.04, 0.05, 0.06], "section_lookup": {"IPE270": {"h_mm": 270.0, "b_mm": 135.0, "tw_mm": 6.6, "tf_mm": 10.2, "section_num": "270"}, "IPE330": {"h_mm": 330.0, "b_mm": 160.0, "tw_mm": 7.5, "tf_mm": 11.5, "section_num": "330"}, "IPE400": {"h_mm": 400.0, "b_mm": 180.0, "tw_mm": 8.6, "tf_mm": 13.5, "section_num": "400"}, "IPE500": {"h_mm": 500.0, "b_mm": 200.0, "tw_mm": 10.2, "tf_mm": 16.0, "section_num": "500"}, "IPE600": {"h_mm": 600.0, "b_mm": 220.0, "tw_mm": 12.0, "tf_mm": 19.0, "section_num": "600"}}, "grade_lookup": {"S235": 301.0, "S275": 324.0, "S355": 395.0}, "levels_do": [0.3, 0.35, 0.4, 0.45, 0.5, 0.55, 0.6, 0.65, 0.7, 0.75], "levels_sh": [0.6, 0.8, 1.0, 1.2, 1.4, 1.6, 1.8, 2.0, 2.2, 2.4], "context_meta": {"IPE270|S235|12": {"My_min": 106.5908737289058, "My_max": 144.9020022487464, "Mc_min": 108.45, "Mc_max": 167.37, "Mp": 113.74, "My_FS": 144.9259697689281, "Mc_FS": 167.31}, "IPE270|S235|14": {"My_min": 110.4477298657226, "My_max": 142.9248546309481, "Mc_min": 113.03, "Mc_max": 165.26, "Mp": 113.74, "My_FS": 142.9547324142379, "Mc_FS": 165.06}, "IPE270|S235|6": {"My_min": 66.59175556608066, "My_max": 146.4049690433617, "Mc_min": 82.84, "Mc_max": 171.42, "Mp": 113.74, "My_FS": 145.8361593402743, "Mc_FS": 169.55}, "IPE270|S235|7": {"My_min": 76.2982801055746, "My_max": 146.9072610785386, "Mc_min": 88.62, "Mc_max": 171.91, "Mp": 113.74, "My_FS": 146.9418847141003, "Mc_FS": 169.14}, "IPE270|S235|9": {"My_min": 92.3175727112446, "My_max": 145.424463548789, "Mc_min": 98.52, "Mc_max": 170.21, "Mp": 113.74, "My_FS": 145.4647510917336, "Mc_FS": 168.4}, "IPE270|S275|12": {"My_min": 114.5814456057263, "My_max": 155.7863397070546, "Mc_min": 117.33, "Mc_max": 181.65, "Mp": 133.1, "My_FS": 155.8047454941101, "Mc_FS": 181.6}, "IPE270|S275|14": {"My_min": 119.3848661976462, "My_max": 153.5424057783417, "Mc_min": 122.21, "Mc_max": 179.27, "Mp": 133.1, "My_FS": 153.5720097374401, "Mc_FS": 179.07}, "IPE270|S275|6": {"My_min": 71.41541402942165, "My_max": 158.2455081021465, "Mc_min": 89.85, "Mc_max": 185.86, "Mp": 133.1, "My_FS": 157.6426550806435, "Mc_FS": 183.83}, "IPE270|S275|7": {"My_min": 82.04926788902468, "My_max": 158.1213300542406, "Mc_min": 96.09, "Mc_max": 186.33, "Mp": 133.1, "My_FS": 158.1966093559759, "Mc_FS": 183.24}, "IPE270|S275|9": {"My_min": 99.82577564344824, "My_max": 156.4978104248003, "Mc_min": 106.64, "Mc_max": 184.75, "Mp": 133.1, "My_FS": 156.512569924581, "Mc_FS": 183.12}, "IPE270|S355|12": {"My_min": 139.4216258595333, "My_max": 185.0985179937893, "Mc_min": 140.75, "Mc_max": 212.71, "Mp": 171.82, "My_FS": 185.1971467485606, "Mc_FS": 212.21}, "IPE270|S355|14": {"My_min": 142.8417155165852, "My_max": 180.4044330795406, "Mc_min": 146.75, "Mc_max": 209.83, "Mp": 171.82, "My_FS": 180.4815059968204, "Mc_FS": 208.81}, "IPE270|S355|6": {"My_min": 83.48663772088966, "My_max": 190.076810877014, "Mc_min": 103.73, "Mc_max": 218.57, "Mp": 171.82, "My_FS": 190.2924631368163, "Mc_FS": 215.68}, "IPE270|S355|7": {"My_min": 97.22685331572086, "My_max": 190.017822403072, "Mc_min": 111.78, "Mc_max": 219.34, "Mp": 171.82, "My_FS": 189.9975776932339, "Mc_FS": 215.34}, "IPE270|S355|9": {"My_min": 119.3162749726371, "My_max": 190.0609026978188, "Mc_min": 126.49, "Mc_max": 215.81, "Mp": 171.82, "My_FS": 190.1286476544963, "Mc_FS": 212.66}, "IPE330|S235|12": {"My_min": 176.8296603776862, "My_max": 239.9662599144662, "Mc_min": 179.52, "Mc_max": 271.96, "Mp": 189.02, "My_FS": 239.7710496353523, "Mc_FS": 269.35}, "IPE330|S235|14": {"My_min": 182.6006950380718, "My_max": 236.7817208194136, "Mc_min": 186.41, "Mc_max": 269.44, "Mp": 189.02, "My_FS": 236.8345606598637, "Mc_FS": 265.91}, "IPE330|S235|6": {"My_min": 110.7905449279748, "My_max": 242.506749114775, "Mc_min": 136.3, "Mc_max": 281.34, "Mp": 189.02, "My_FS": 241.7062915204864, "Mc_FS": 280.39}, "IPE330|S235|7": {"My_min": 127.1161112535226, "My_max": 243.4102278710209, "Mc_min": 145.57, "Mc_max": 281.07, "Mp": 189.02, "My_FS": 243.5163684699279, "Mc_FS": 279.89}, "IPE330|S235|9": {"My_min": 153.8520858094584, "My_max": 240.92794181105, "Mc_min": 162.45, "Mc_max": 276.97, "Mp": 189.02, "My_FS": 240.954479574247, "Mc_FS": 275.3}, "IPE330|S275|12": {"My_min": 190.0958039028091, "My_max": 258.1303805671782, "Mc_min": 193.48, "Mc_max": 296.52, "Mp": 221.194, "My_FS": 258.1506978474023, "Mc_FS": 291.29}, "IPE330|S275|14": {"My_min": 193.313523868499, "My_max": 256.3496189966514, "Mc_min": 197.25, "Mc_max": 295.4, "Mp": 221.194, "My_FS": 256.4098054834707, "Mc_FS": 289.47}, "IPE330|S275|6": {"My_min": 118.8737447157287, "My_max": 262.2311535196469, "Mc_min": 147.82, "Mc_max": 304.92, "Mp": 221.194, "My_FS": 261.168224196776, "Mc_FS": 303.94}, "IPE330|S275|7": {"My_min": 136.7039780199547, "My_max": 261.9500889192213, "Mc_min": 157.77, "Mc_max": 304.74, "Mp": 221.194, "My_FS": 262.0534707424908, "Mc_FS": 303.29}, "IPE330|S275|9": {"My_min": 166.34698747872, "My_max": 259.2843241337724, "Mc_min": 175.93, "Mc_max": 300.63, "Mp": 221.194, "My_FS": 259.3207803598703, "Mc_FS": 298.12}, "IPE330|S355|12": {"My_min": 231.3116868235472, "My_max": 306.5153639327659, "Mc_min": 232.23, "Mc_max": 346.28, "Mp": 285.541, "My_FS": 306.6872514138336, "Mc_FS": 344.22}, "IPE330|S355|14": {"My_min": 236.7529201363996, "My_max": 298.7511085697863, "Mc_min": 242.47, "Mc_max": 340.07, "Mp": 285.541, "My_FS": 298.9218057610471, "Mc_FS": 340.11}, "IPE330|S355|6": {"My_min": 139.1121474448797, "My_max": 315.0829777665497, "Mc_min": 170.7, "Mc_max": 359.04, "Mp": 285.541, "My_FS": 315.4568896434644, "Mc_FS": 357.55}, "IPE330|S355|7": {"My_min": 161.8099730578027, "My_max": 314.785566965456, "Mc_min": 184.36, "Mc_max": 359.3, "Mp": 285.541, "My_FS": 314.7844035567838, "Mc_FS": 356.89}, "IPE330|S355|9": {"My_min": 198.8654508976624, "My_max": 314.8511465968193, "Mc_min": 209.04, "Mc_max": 351.49, "Mp": 285.541, "My_FS": 315.0047418904558, "Mc_FS": 351.32}, "IPE400|S235|12": {"My_min": 287.6168235459026, "My_max": 389.151631243077, "Mc_min": 291.91, "Mc_max": 437.19, "Mp": 307.185, "My_FS": 388.6700311618024, "Mc_FS": 437.25}, "IPE400|S235|14": {"My_min": 295.9282558199733, "My_max": 383.9402500298208, "Mc_min": 303.08, "Mc_max": 432.17, "Mp": 307.185, "My_FS": 384.042240422395, "Mc_FS": 431.19}, "IPE400|S235|6": {"My_min": 183.2287526078709, "My_max": 393.723024376571, "Mc_min": 221.02, "Mc_max": 455.81, "Mp": 307.185, "My_FS": 392.2790775673564, "Mc_FS": 455.46}, "IPE400|S235|7": {"My_min": 209.3198640119142, "My_max": 394.992633849833, "Mc_min": 236.84, "Mc_max": 454.09, "Mp": 307.185, "My_FS": 395.2413547320365, "Mc_FS": 453.89}, "IPE400|S235|9": {"My_min": 252.2712163173118, "My_max": 390.7556582602767, "Mc_min": 266.28, "Mc_max": 448.95, "Mp": 307.185, "My_FS": 390.836862308969, "Mc_FS": 446.91}, "IPE400|S275|12": {"My_min": 309.3062700239723, "My_max": 418.6123953323491, "Mc_min": 314.74, "Mc_max": 474.55, "Mp": 359.472, "My_FS": 418.6663796004959, "Mc_FS": 472.94}, "IPE400|S275|14": {"My_min": 319.310604907735, "My_max": 412.1702744242476, "Mc_min": 327.68, "Mc_max": 472.28, "Mp": 359.472, "My_FS": 412.2926798365258, "Mc_FS": 465.92}, "IPE400|S275|6": {"My_min": 196.6622586654432, "My_max": 425.9147437702766, "Mc_min": 239.85, "Mc_max": 494.03, "Mp": 359.472, "My_FS": 423.7204873744773, "Mc_FS": 494.02}, "IPE400|S275|7": {"My_min": 225.1764652575948, "My_max": 425.0483407797304, "Mc_min": 256.75, "Mc_max": 492.18, "Mp": 359.472, "My_FS": 425.2963456379262, "Mc_FS": 492.05}, "IPE400|S275|9": {"My_min": 272.7266668692234, "My_max": 420.5342523094108, "Mc_min": 288.23, "Mc_max": 487.08, "Mp": 359.472, "My_FS": 420.5966683751136, "Mc_FS": 484.05}, "IPE400|S355|12": {"My_min": 376.4444404437656, "My_max": 496.9500526020254, "Mc_min": 378.59, "Mc_max": 558.69, "Mp": 464.045,