{
  "feature_order": [
    "h (mm)",
    "b (mm)",
    "tw (mm)",
    "tf (mm)",
    "fy (MPa)",
    "2L/h",
    "M0.04/Mp",
    "M0.06/M0.06,FS",
    "Ed/Ed,FS",
    "\u03c3vm,CF/fy",
    "PEEQCF",
    "Lph/h",
    "\u03b8u,LB (rad)"
  ],
  "rotations": [
    -0.06,
    -0.05,
    -0.04,
    -0.03,
    -0.02,
    -0.015,
    -0.01,
    -0.0075,
    -0.005,
    -0.00375,
    0.0,
    0.00375,
    0.005,
    0.0075,
    0.01,
    0.015,
    0.02,
    0.03,
    0.04,
    0.05,
    0.06
  ],
  "section_lookup": {
    "IPE270": {
      "h_mm": 270.0,
      "b_mm": 135.0,
      "tw_mm": 6.6,
      "tf_mm": 10.2
    },
    "IPE330": {
      "h_mm": 330.0,
      "b_mm": 160.0,
      "tw_mm": 7.5,
      "tf_mm": 11.5
    },
    "IPE400": {
      "h_mm": 400.0,
      "b_mm": 180.0,
      "tw_mm": 8.6,
      "tf_mm": 13.5
    },
    "IPE500": {
      "h_mm": 500.0,
      "b_mm": 200.0,
      "tw_mm": 10.2,
      "tf_mm": 16.0
    },
    "IPE600": {
      "h_mm": 600.0,
      "b_mm": 220.0,
      "tw_mm": 12.0,
      "tf_mm": 19.0
    }
  },
  "grade_lookup": {
    "S235": 301.0,
    "S275": 324.0,
    "S355": 395.0
  },
  "metric_ranges": {
    "M0.04/Mp": [
      0.5761790343608917,
      1.511429576226482
    ],
    "M0.06/M0.06,FS": [
      0.46,
      1.39
    ],
    "Ed/Ed,FS": [
      0.22,
      1.4
    ],
    "\u03c3vm,CF/fy": [
      0.3548372513562387,
      1.458092224231465
    ],
    "PEEQCF": [
      0.0,
      1.982142857142857
    ],
    "Lph/h": [
      0.04999975586,
      2.612072144
    ],
    "\u03b8u,LB (rad)": [
      0.0306,
      0.06
    ]
  },
  "score_meta": {
    "Balanced": {
      "weights": {
        "M0.04/Mp": 0.24,
        "M0.06/M0.06,FS": 0.18,
        "Ed/Ed,FS": 0.14,
        "\u03c3vm,CF/fy": 0.16,
        "PEEQCF": 0.08,
        "Lph/h": 0.1,
        "\u03b8u,LB (rad)": 0.1
      }
    },
    "Protection": {
      "weights": {
        "M0.04/Mp": 0.14,
        "M0.06/M0.06,FS": 0.1,
        "Ed/Ed,FS": 0.08,
        "\u03c3vm,CF/fy": 0.26,
        "PEEQCF": 0.2,
        "Lph/h": 0.14,
        "\u03b8u,LB (rad)": 0.08
      }
    }
  },
  "levels_do": [
    0.3,
    0.35,
    0.4,
    0.45,
    0.5,
    0.55,
    0.6,
    0.65,
    0.7,
    0.75
  ],
  "levels_sh": [
    0.6,
    0.8,
    1.0,
    1.2,
    1.4,
    1.6,
    1.8,
    2.0,
    2.2,
    2.4
  ]
}